Time(24h clock),fused value,prescribed range
13.20,10.000000,0.000000
13.50,20.856910,0.700000
